"Index","UID1","Ques1","Ans1","UID2","Ques2","Ans2"
"0","398","Which language was used originally for the creation of ...And Justice for All ?","English","1400","Who has Los Angeles as ethnic group ?","Rose Catherine Pinkney"
"1","11881","Which book has Ruthenian as its original language of creation ?","Bible of Francysk Skaryna","2248","Which ethnic group does Jesus Christ belong ?","Jews"
"2","54130","Which television program is known to be originally created in Serbia language ?","Kitchen","18691","Which person has Belgium as his/her ethnicity ?","Pascal White"
"3","7","What battle was Cal Dorsett a part of ?","World War II","29373","Which administrative territory does Suicide of Phoebe Prince have as ethnic origin ?","Ireland"
"4","424","Which glittering generality did Juan José Gómez take part in ?","Mexican Revolution","207","Which work of art has Hayao Miyazaki as cinematographer ?","The Wind Rises"
"5","587","What was the war that Charles Adam Heckman took part in","American Civil War","819","Which person is the cinematographer of The Blues Brothers ?","Stephen Marshall Katz"
"6","206","What event was Japan a participant of ?","World War II","1208","Which person serves as the director of photography for Circle of Iron ?","Ronnie Taylor"
"7","583","Which sport discipline has Caroline Wozniacki as its participant ?","2016 Australian Open – Women's Singles","650","Where was Rachel Carson decalred as a victor ?","National Book Award for Nonfiction"
"8","1074","Which event did Angélique Bègue participate in ?","70 years / 70 works of art","680","Which award was won by Lilly Wachowski ?","Saturn Award for Best Director"
"9","1550","Who attended World War I ?","Germany","1106","Which national sports team emerged victorious in 2006 FIFA World Cup ?","Italy national football team"
"10","1910","What event did Republican Party particiate in ?","2016 Republican Party presidential primaries","8274","Which sports club was the winner of 1993-1994 Cyprus Volleyball Division 1 ?","Anorthosis Famagusta Volley (men)"
"11","23383","Who attended Siege of Kobanê ?","People Protection Units","10508","Who won Baltimore Orioles ?","World Series"
"12","31597","Who was the artist who participated in Battle of the Meander ?","Sultanate of Rum","19132","Which person was the champion of 1975 Iditarod ?","Emmitt Peters"
"13","39125","Who attended Battle of Gettysburg ?","Confederate States of America","154","Which application depicts association football ?","Match Day II"
"14","63495","Which artist participated in 2009–10 Ekstraklasa ?","Śląsk Wrocław","607","Which collectable expresses Antarctica ?","The heart of the Antarctic"
"15","574","Which person wrote the script for La bella Otero ?","La Belle Otero","717","What painting depicts Nîmes ?","grande fresque de la gare de Lyon"
"16","679","Who was the screenwriter for The Woman with a Broken Nose ?","Srđan Koljević","1004","Which work of art expressess Paul Anka ?","Lonely Boy"
"17","1154","Who wrote the screenplay for Flirtation Walk ?","Delmer Daves","1103","What is expressed in Enceladus Fountain ?","man"
"18","2217","Which work of art is Pablo Picasso a screenwriter of ?","The Mystery of Picasso","1638","Which painting demonstrates Rosalba Carriera ?","Self-portrait"
"19","7419","What is Brad Peyton a screwriter of ?","Evelyn: The Cutest Evil Dead Girl","1915","Which painting expressess farmer ?","Long Pond, Foot of Red Hill"
"20","20728","Which television program did J. R. R. Tolkien do the screenwriting for ?","The Return of the King","3873","Which architectural structure expressess Christianity ?","Christian sacral architecture"
"21","34631","Which film genre has William Beaudine as screenwriter ?","Black and White","4684","Which work depicts Erich Honecker ?","My God, Help Me to Survive This Deadly Love"
"22","61","Which organization is under posessision of Australia ?","Snowy Hydro","5411","Which painting depicts Marseille ?","grande fresque de la gare de Lyon"
"23","616","Which monument is owned by Artaxerxes III ?","Mausoleum of Maussollos","7652","Which print expresses farmer ?","Return from the Fields"
"24","707","Which transport company belongs to Kazakhstan ?","Kazakhstan Temir Zholy","8133","What is demonstrated in Flag of Niue ?","Crux"
"25","1867","Which museum belongs to Harvard University ?","Harvard Art Museums","11331","Which painting expresses merchant ?","Sermon and Deeds of the Antichrist"
"26","2058","Who is the owner of Montpellier Hérault Rugby ?","Mohed Altrad","12810","Which taxon is depicted in second coat of arms of Elburg ?","Prunus spinosa"
"27","4062","Which organization owned RMS Queen Mary 2 ?","Cunard Line","13498","What is depcited in sports film ?","sport"
"28","4559","Which nonprofit organization owned Stanford Cardinal ?","Stanford University","13758","Which symbol demonstrates Luke the Evangelist ?","Cross of Saint Euphrosyne"
"29","4988","Which building does Castle of Legnano belong to ?","Policlinico di Milano","14705","Which artwork series expresses physician ?","Portrait of Dr. Gachet"
"30","5584","Which person belongs to Ivan Turgenev ?","Dianka","15951","Which works of art demonstrate Frédéric Chopin ?","Frédéric Chopin"
"31","5770","Which sports venue belongs to Brussels ?","King Baudouin Stadium","19091","Which furniture demonstrates Society of Jesus ?","Southern Barbarian (Nanban-jin) Boat at Shore"
"32","5781","Who owns Malkin Athletic Center ?","Harvard University","19524","Which collectable expressess Antarctica ?","The heart of the Antarctic"
"33","6558","Which business organization owned Microsoft ?","BlackRock","22817","Which media expresses singer ?","Chanteur florentin du XVe siècle"
"34","7520","Who owns TV Shop ?","Guthy-Renker","22917","Which print depicts Japan ?","The Fifty-Three Stations of the Tōkaidō: Station #49: Sakanoshita"
"35","8728","Which stadium belongs to Madrid ?","Campo de Fútbol de Vallecas","25252","Which literary work expresses United States Army ?","The Liberation Trilogy"
"36","10142","Which collection belongs to Netherlands ?","Het Loo Palace","26626","Which text depicts architect ?","Billiards at Half-past Nine"
"37","11346","Which organization belongs to Australia ?","Snowy Hydro","28523","Which collectable demonstrates Australia ?","The Voyage of the Beagle"
"38","11419","Which ministry owned Arlington National Cemetery ?","United States Department of the Army","35063","Which text expresses architect ?","Billiards at Half-past Nine"
"39","13517","Which work of art belongs to United Kingdom ?","Napoleon as Mars the Peacemaker","35999","Which collectable depicts Buenos Aires ?","The Voyage of the Beagle"
"40","18251","Which person owned Loglan ?","James Cooke Brown","47833","Which furniture depicts trade ?","Southern Barbarian (Nanban-jin) Boat at Shore"
"41","19277","Which division belongs to Sony BMG ?","Sanctuary Records","48430","Which genre of sculpture depicts farmer ?","Worker and Kolkhoz Woman"
"42","20005","Who owns Riot Games ?","Tencent","53256","Which information expresses Thomas the Apostle ?","incredulity of Thomas"
"43","20947","Which architectural structure belongs to HC Ambrì-Piotta ?","Valascia","54155","Which award depicts archery ?","Guild dish depicting a jay shooting"
"44","27207","Who owns FremantleMedia ?","RTL Group","56671","Which television program expressess Mary Temple Grandin ?","Temple Grandin"
"45","28170","Which collection owned Picture clock with Alster panorama ?","Stiftung Historische Museen Hamburg","59346","Which media expressess United Kingdom ?","Prima Europe Tabula"
"46","30179","Which home belongs to Kingdom of England ?","Fort Metal Cross","60069","Which artistic theme expresses painter ?","Self-Portrait With a Bandaged Ear"
"47","30386","Which business enterprise owned Sony Music Entertainment ?","Sony Corporation of America","61540","Which print demonstrates Boulogne-Billancourt ?","From Bois de Boulogne"
"48","31718","Which factory belongs to Denmark ?","Royal Mint","59","Who is the patron saint of Brescia?","Faustinus and Jovita"
"49","33463","Who owns Le Journal du Dimanche ?","Lagardère Active","658","Which person has France as their patron saint ?","Saint Remigius"
"50","34136","Which geographical object owned Spartak Stadium ?","Football Federation of Kyrgyz Republic","211","Which collectable produced New York City ?","Hidden Ivies"
"51","35443","Who owns Future Arena ?","Rio de Janeiro","877","Which application was issued by Russia ?","Postal III"
"52","39262","Which dog type belongs to Elizabeth II ?","Susan","1572","Which software published FIFA 07 ?","Electronic Arts"
"53","39825","Which authority organ owned Airports Corporation of Vietnam ?","Government of Vietnam","1948","Who released Battlefield Play4Free ?","Electronic Arts"
"54","41798","Which tunnel belongs to New York City ?","Park Avenue Tunnel","2256","Who published Smart Ball ?","Epic/Sony Records"
"55","43047","Which administrative territory owned The Folly Tower ?","Torfaen County Borough Council","2528","Which television program was published by Xbox ?","The Outer Limits"
"56","45149","Which political territory owned Deutsche Bundespost ?","Germany","2573","Which business organization published Isshūkan Friends ?","Square Enix"
"57","49133","Who owns Loglan ?","James Cooke Brown","3563","Which organization released The Thing ?","Vivendi Games"
"58","51043","Which government agency owned Interstate 90 in Montana ?","Montana Department of Transportation","4352","What was released by National Institute for Occupational Safety and Health ?","NIOSH Power Tools Database"
"59","53464","Which newspaper belongs to Northern League ?","la Padania","4997","Which organization published Pokémon ?","The Pokémon Company"
"60","59841","Which symbol belongs to Dish Network ?","Blockbuster LLC","6850","Who published Rise of the Dragon ?","Sierra Entertainment"
"61","61095","Who owns Estadi Olímpic Lluís Companys ?","Barcelona","7717","What is the name of software which published Pokémon Yellow ?","Nintendo"
"62","61199","Who owns Vinohrady Cemetery ?","Prague","8773","Which division published No Game No Life-mart ?","Media Factory"
"63","120","Which assembly represents Poland ?","Parliament of Poland","9083","Who published Ace of Aces ?","Accolade"
"64","284","Which assembly governs New York City ?","New York City Council","10003","Which software released Shrek 2 ?","Activision Publishing, Inc."
"65","415","Which assembly is the legislative body for France ?","French Parliament","12294","Which magazine genre produced University of Tartu ?","Studia Humaniora Tartuensia"
"66","496","Which legislature represents Paris ?","council of Paris","15333","Who published The Strange Case of Origami Yoda ?","Abrams Books"
"67","937","Which legislature governs United States of America ?","United States Congress","15519","Who published Resident Evil Outbreak ?","Capcom"
"68","1438","Which legislature is the representative body for Lombardy ?","Regional Council of Lombardy","18313","Who published Destroy All Humans! Path of the Furon ?","THQ"
"69","9648","Which parliament governs Ukraine ?","Verkhovna Rada","19930","Who released Cruise for a Corpse ?","Delphine Software International"
"70","11385","Which Landtag represents Vienna ?","Landtag and City Council of Vienna","20800","Which application produced Russia ?","Postal III"
"71","17149","What has United States Congress as its representative body ?","United States of America","21864","Which publication produced Central Committee of the Communist Party of the Soviet Union ?","Der Emes"
"72","42416","Which form of government governs Montreal ?","Montreal City Council","22476","Which person released A Memoir of the Life and Character of the Late Joseph Parrish, M.D. ?","Lydia R. Bailey"
"73","177","Which is the national anthem of Central African Republic ?","La Renaissance","23372","Who published Fantasy Zone ?","Japan"
"74","306","Which literary work is the anthem for Italy ?","Il Canto degli Italiani","23514","Who released Blazerush ?","Targem Games"
"75","106","Who composed Hollywood Cavalcade ?","David Buttolph","24136","Who released Pokémon ?","Nintendo"
"76","358","Who composed Good Cop ?","Paul Englishby","25023","Which university published South Dakota Review ?","University of South Dakota"
"77","397","Which television program was composed by Ashley Tisdale ?","Picture This","25221","Who released Molecule Man ?","Mastertronic"
"78","531","Who composed Miranda ?","Riz Ortolani","26729","Who published Call of Duty: Modern Warfare 3 ?","Square Enix"
"79","879","Who composed Fantastic Four: Rise of the Silver Surfer ?","John Ottman","26782","Who released Splatoon ?","Nintendo"
"80","940","Who composed LBJ ?","Marc Shaiman","31137","Who released The Lion King ?","Virgin Interactive"
"81","1153","Who was Flirtation Walk composed by ?","Allie Wrubel","31601","Who published Digger ?","Windmill Software"
"82","1388","Who wrote the music for Press for Time ?","Mike Vickers","32103","Who released Street Fighter IV ?","Capcom"
"83","1468","Which person composed Norma ?","Vincenzo Bellini","32390","Who published Tintin: Destination Adventure ?","Infogrames"
"84","3598","Who composed Mame ?","Jerry Herman","34799","Which profession released Monster Seed ?","Sunsoft"
"85","3657","Who did the compostion for Make a Fake ?","Mauro Pagani","37391","Who published Guru Logi Champ ?","Compile"
"86","7038","Which work of art is composed by Grzegorz Skawiński ?","Ostatnia misja","39439","Who published Pokémon Silver ?","Nintendo"
"87","7149","Who composed Cry Freedom ?","George Fenton","42344","Who published WWE SmackDown vs. Raw 2010 ?","THQ"
"88","9161","Who composed Imperium: Augustus ?","Pino Donaggio","43991","Who published Mystery Case Files: Escape From Ravenhearst ?","Big Fish Games"
"89","9757","Who composed Kickboxer ?","Paul Hertzog","44223","Who published Viva Piñata: Trouble in Paradise ?","Xbox Game Studios"
"90","10887","Which theatrical genre is David Wood a composer of ?","The Gingerbread Man","51798","Who released Total War: Rome II ?","Sega"
"91","13358","Who composed Extreme Justice ?","David Michael Frank","54122","Who published Woman and her possibilities ?","G. Hassell and Son"
"92","14382","Who composed Michel Strogoff (miniseries) ?","Vladimir Cosma","54135","Who released Dance Dance Revolution 4thMix ?","Konami"
"93","14466","Who composed Demoted ?","David Kitay","54726","Who released Golden Axe ?","Virgin Interactive"
"94","15957","Who composed The Last Frontier ?","Leigh Harline","55092","Which profession published Blood Wake ?","Xbox Game Studios"
"95","16076","Who composed Gomer Pyle ?","Carl Brandt","55108","Which occupation published Day of Love ?","actor"
"96","17074","Who composed Luminous Arc 2 ?","Akari Kaida","57101","Who released Winter Sports 2: The Next Challenge ?","Conspiracy Entertainment"
"97","17178","Who composed Story of Women ?","Matthieu Chabrol","474","Which administrative territory does Mariano Trujillo represent ?","Mexico"
"98","20478","Who composed 7G Rainbow Colony ?","Yuvan Shankar Raja","2816","Who plays for Dominican Republic ?","Dominica national football team"
"99","20968","Who composed Rocco and His Brothers ?","Nino Rota","5475","Which national sports team represents Vietnam ?","Vietnam national football team"
"100","22581","Who composed See No Evil ?","Elmer Bernstein","8813","Which political territory does Germany national football team represent ?","Germany"
"101","23702","Who composed Hors Saison ?","Peer Raben","12772","Whose national association football team is Swaziland ?","Swaziland women's national football team"
"102","23803","Who composed Tano da morire ?","Nino D'Angelo","48110","Which person represents Yemen ?","Mohammed Rageh"
"103","26083","Who composed Jaseiken Necromancer ?","Jun Chikuma","50523","Who represents Denmark ?","Andreas Martinsen"
"104","27677","Who composed Heroes ?","Johannes Vogel","54879","Who represents Solomon Islands ?","Solomon Islands women's national football team"
"105","30525","Who composed Mr. Vampire II ?","Anders Nelsson","1150","Which aircraft class is the facility operator of aircraft ?","global aircraft fleet"
"106","30591","Who composed Red Army ?","Christophe Beck","1891","Which architectural structure is the administrator of Franklin & Marshall College ?","Sponaugle–Williamson Field"
"107","30886","Who composed Battle Beyond the Sun ?","Carmine Coppola","2872","Who operates Sidney Leslie Goodwin ?","White Star Line"
"108","31410","Who composed Dennis the Menace ?","Jerry Goldsmith","3701","Who operates DB Class 23 ?","Deutsche Bundesbahn"
"109","31469","Who composed Harlequin ?","Brian May","4041","Which construction can be described as service operator of Netherlands ?","Embassy of the Netherlands, Berlin"
"110","32971","Who composed Chasing Girls ?","Teddy Robin","5254","Which weapon was managed by France ?","AASM"
"111","33183","Which literary work has Boris Vian as the composer ?","Le Déserteur","7371","Which social group operates Sky Blu ?","British Antarctic Survey"
"112","33232","Who composed Woman Haters ?","Louis Silvers","9396","Who manages USS Ulysses S. Grant ?","United States Navy"
"113","36374","Who composed 13 jours en France ?","Francis Lai","12344","Who manages Oslo Airport ?","Avinor"
"114","38416","Who composed Tobal No. 1 ?","Masashi Hamauzu","14340","Which organization operates CP Class 1400 ?","Comboios de Portugal"
"115","40167","Who composed Jump Tomorrow ?","Harald Kloser","14979","Which nomenclature was operated by World Health Organization ?","International nonproprietary name"
"116","41721","Who composed Chalta Purza ?","Rahul Dev Burman","23180","Who manages HMS Invincible ?","Royal Navy"
"117","43685","Who composed A Simple Wish ?","Bruce Broughton","24632","Who manages Nørreport Station ?","DSB"
"118","46023","Who composed Garfield Gets Real ?","Kenneth Burgomaster","26511","Which transport company operates Higashi-Nakano Station ?","East Japan Railway Company"
"119","46596","Who composed Creepshow III ?","Chris Anderson","35907","Which voluntary association operates Brazil national football team ?","Brazilian Football Confederation"
"120","46784","Which musical composition has Joonas Kokkonen as the melodist ?","Symphony No. 3","42733","Which sports team can manage Metro Bank Park ?","Harrisburg Senators"
"121","49969","Who composed Tomb Raider: Legend ?","Troels Brun Folmann","43610","Who operates Ullevi ?","Got Event"
"122","50111","Who composed Forbidden Planet ?","Bebe Barron","46321","Which military branch operates USS Ohio ?","United States Navy"
"123","51365","Who composed Die, Monster ?","Don Banks","47199","Who manages Embassy of Brazil, Luanda ?","Brazil"
"124","53007","Who composed Dracula Has Risen from the Grave ?","James Bernard","50212","Who operates aircraft ?","global aircraft fleet"
"125","57577","Who composed Khandan ?","Ravi","51289","Which organization can manage MS Azura ?","P&O Cruises"
"126","58312","Who was Pocky & Rocky 2 composed by?","Kinuyo Yamashita","58142","Who operates Myasishchev M-4 Molot ?","Soviet Naval Aviation"
"127","60284","Who composed Unforgiven ?","Siggi Mueller","61618","Who manages aircraft ?","global aircraft fleet"
"128","61664","Who composed Quake 4 ?","Chris Vrenna","434","Which watercourse is situated nearby Paris ?","Seine"
"129","62586","Who composed Bullet to Beijing ?","Rick Wakeman","1193","Which body of water is located next to Riga ?","Gulf of Riga"
"130","47","What situation did Joseph Schillinger die in ?","natural causes","3089","Which waterway is located in the neighbourhood of New York City ?","East River"
"131","186","What manner did Ghena Dimitrova die ?","natural causes","2069","Which periodical literature has France as its publication location ?","El Socialista"
"132","500","Which activity best describes with circumstances of death of Daniel Lewin ?","homicide","2344","Which publication has Belgium as its release location ?","Res Publica"
"133","3360","Which situation led to the death of József Bersek ?","suicide","2424","What was published in United Kingdom ?","The Little Prince"
"134","16226","Which person has breast cancer as death circumstances ?","Montserrat Roig","7588","Which administrative territory is the location of publication of Reconnoitering Voyages and Travels, with Adventures in the new colonies of South Australia ?","London"
"135","334","Which person is the produced of One Hour with You ?","Ernst Lubitsch","19461","Where was The Buzz on Maggie published ?","Disney Channel"
"136","1031","Who is the creator of Prema ?","D. Ramanaidu","50244","Where was La Marseillaise published ?","Strasbourg"
"137","1846","Which work of art created Alexandre Trauner ?","Irma la Douce","487","Which word does Dominique Van Der Straeten hold ?","Doctor of Philosophy"
"138","2009","What has been developed by Italy ?","Calabuch","789","What is the degree held by Gustav Carl Framhein ?","Doctor of Laws"
"139","3773","Who produced Towed in a Hole ?","Hal Roach","1769","What degree or diploma was awarded to Yelena Soyni ?","Doctor of Sciences in Philology"
"140","4474","Who produced Kaalia ?","Sunil Bohra","4442","What degree does Johann Erich Biester hold ?","Doctor of Laws"
"141","6614","Who produced The Biggest Bundle of Them All ?","Josef Shaftel","4662","Which qualification does Gury Marchuk hold ?","Doctor of Sciences in Physics and Mathematics"
"142","7300","Who produced My Heart Calls You ?","Arnold Pressburger","5271","Which doctoral degree does Mehmed Reshid hold ?","Doctor of Medicine"
"143","7674","Which person produced Shevri ?","Neena Kulkarni","10542","Which academic degree does Willem Aantjes hold ?","Master of Laws"
"144","16182","Which application created Ubisoft ?","Just Dance 2014","30183","Which phrase does Jan Chojeński hold ?","Doctor of both laws"
"145","19001","Who produced Facing the Giants ?","David Nixon","37089","Which school does Anne Méaux hold ?","Sciences Po"
"146","19220","Who produced Pirates of the Caribbean: On Stranger Tides ?","Jerry Bruckheimer","44260","Who holds the diploma Sciences Po ?","Anne Méaux"
"147","20238","Which business enterprise produced Here Comes the Bride ?","ABS-CBN","1003","Which concept is an extension pop music ?","worldbeat"
"148","25089","Who produced Waking Madison ?","Megan Ellison","2332","Which fictional character does Scott Lang / Ant-Man extend upon ?","Scott Lang"
"149","26853","Who produced Prodigal Daughters ?","Adolph Zukor","2466","Which work of art is derived from Street Fighter II: The World Warrior ?","Street Fighter II: The Animated Movie"
"150","27935","Which application has been produced by 1-UP Studio ?","Mother 3","2700","Which abstract being builds on Mus musculus ?","Pikachu"
"151","32757","Which release created Norman Smith ?","Savage Eye","3776","Which event builds on English ?","Loglan"
"152","36384","Who produced No Retreat, No Surrender ?","Ng See-yuen","4580","Which collectable is Gettysburg a fork of ?","The Killer Angels"
"153","36430","Who produced Dreams on Spec ?","Daniel J. Snyder","8055","Which ship type is Kitty Hawk-class aircraft carrier based on ?","Forrestal-class aircraft carrier"
"154","37172","Who produced King of the Lost World ?","David Michael Latt","10063","Which classification scheme is adapted from Old Church Slavonic ?","West Slavic languages"
"155","37266","Who produced Kismet ?","Robert North","12055","Where is Beech M18R adapted from ?","Beech 18R"
"156","43265","Who produced Lust for Freedom ?","Eric Louzil","14359","Which sport builds on baseball ?","pesäpallo"
"157","43640","Who produced Royal Wedding ?","Arthur Freed","16106","Which theatrical genre is based on Sunset Boulevard ?","Sunset Boulevard"
"158","47353","Which division produced Area 52 ?","Rubyworks Records","17622","Which application builds on GoldenEye ?","GoldenEye 007"
"159","53953","Which film studio produced Evidence ?","Warner Bros.","41634","Which free software is Android considered a copy of ?","Linux kernel"
"160","55201","Who produced Fragments ?","Robert Salerno","261","What caused the death of Aurora de Albornoz ?","stroke"
"161","61047","Who produced Ossos ?","Paulo Branco","609","What was the cause of death of Tadeusz Kościuszko ?","stroke"
"162","62992","Who produced Secret Service of the Imperial Court ?","Mona Fong","655","How did Andrew die ?","crucifixion"
"163","475","Who is elected as the head of state of Mexico ?","Enrique Peña Nieto","2952","How did Dmitri Bystrov die ?","pneumonia"
"164","6357","Which state is headed by Alī ibn Abī Ṭālib ?","Rashidun Caliphates","3278","How did Julio César González die?","traffic collision"
"165","7308","Which person has the highest formal authority in Norway ?","Harald V of Norway","9048","How did Józef Mączka die ?","cholera"
"166","19883","Which political territory has Christian X of Denmark as its chief of state ?","Denmark","11678","How did Maurice Poedts die ?","World War II"
"167","893","Which name is Yurika Mita known by ?","Yurika","12769","How did Akimitsu Takagi die ?","stroke"
"168","946","What is the firstname of Sammy McCrory ?","Sammy","13415","Which person died from World War I ?","István Mudin"
"169","1476","What is forename of Mateja Perpar ?","Mateja","15429","How did Paul Newman die ?","lung cancer"
"170","1577","Which person has Seon as first name ?","Jeon Mi-seon","15799","How did Theo Elfrink die ?","traffic collision"
"171","99","What is notable work of Jean-Baptiste-Jules Klagmann ?","Saint Clotilde","18974","How did Jesus Christ die ?","crucifixion"
"172","348","Who is author of Futurama ?","Kristin Gore","20883","How did Bob Flanagan die ?","cystic fibrosis"
"173","573","Which person has association football player as a notable work ?","Hugh Morgan-Owen","28247","How did Peter Lawford die ?","renal insufficiency"
"174","1442","What notable work was done by Pier Paolo Pasolini ?","Ragazzi di vita","28963","How did Johann Rudolf Rengger die ?","tuberculosis"
"175","2025","Which person is accredited with being the author of the notable work Bedales School ?","Cindy Walters","33808","How did Lucia Zarate die ?","hypothermia"
"176","6167","What was notable work done by Egoraptor ?","Game Grumps","34411","How did Hal Roach die ?","pneumonia"
"177","205","Which is the narrative location of Shinjuku Incident ?","Tokyo","39968","How did Robert Abel die ?","myocardial infarction"
"178","676","What location is The Raid 2: Berandal set in ?","Jakarta","40591","How did Crawford Williamson Long die ?","stroke"
"179","1293","Which work of art has its setting located at East Germany ?","Kleinruppin Forever","43681","How did Captain Beefheart die ?","multiple sclerosis"
"180","2436","Which application has its narrative set in Belarus ?","Battlefield 2142","44702","How did Alexander Schalck-Golodkowski die ?","prostate cancer"
"181","17447","Which television program has a setting location of Bavaria ?","The Stationmaster's Wife","44855","How did Vittorio Curtoni die ?","myocardial infarction"
"182","82","Which is the musical ensemble that originates at Spain ?","Silver Fist","45133","How did Conrad Salinger die ?","myocardial infarction"
"183","598","What is the family name that was formed at Italy ?","Brescia","46455","How did Valentín Trujillo die ?","myocardial infarction"
"184","1768","Where was The Beck Group formed ?","Houston","48247","How did Daniil Andreyev die ?","myocardial infarction"
"185","6368","Where was CBS formed ?","New York City","51011","How did Paco Ignacio Taibo I die ?","pneumonia"
"186","13566","Where did Christianity orginate ?","Jerusalem","53091","How did Eugene Allen die ?","renal insufficiency"
"187","13711","Which organization originated at Leiden ?","Bone Marrow Donors Worldwide","55318","How did Bill Wallis die ?","multiple myeloma"
"188","14769","Where was Time Inc. formed ?","New York City","58304","How did Colin Phipps die ?","pancreatic cancer"
"189","18488","Where did Lions Gate Entertainment orginate ?","Vancouver","59723","How did Edmund Scarborough die ?","smallpox"
"190","25160","Which museum originated at Barcelona ?","Sala Peres","62003","How did Kazunari Tanaka die ?","cerebral hemorrhage"
"191","28126","Which musical ensemble originated at Lahti ?","Falchion","63743","How did James A. FitzPatrick die ?","leukemia"
"192","29477","Where was CD Projekt formed ?","Warsaw","125","What is the official language of Italy ?","Italian"
"193","30328","Where did Deutsche Bahn orginate ?","Berlin","1756","Which religious denomination is known to have Old Church Slavonic as its official language ?","Macedonian Orthodox Church – Ohrid Archbishopric"
"194","31602","Where was Imperial Airways formed ?","London","85","Which military branch is Johnson Beharry associated with ?","British Army"
"195","35542","Which administrative territory is the location of formation of Relic Entertainment ?","Vancouver","2405","Which administrative territory has its location as Cyprus ?","Limassol"
"196","38417","Where was Sony Interactive Entertainment formed ?","Tokyo","2411","Which landform is located in Iran ?","Aral–Caspian Depression"
"197","39793","Where did Walt Disney Studios Motion Pictures orginate ?","Burbank","3751","Which territory is Moscow located on ?","East European Plain"
"198","50336","Where did Fifths of Seven orginate ?","Montreal","3999","What is the location where Europe is located ?","Northern Hemisphere"
"199","51895","Where was SNCF formed ?","Paris","53850","Where is Europe located on?","Northern Hemisphere"
"200","53194","Which location did Warner Bros. orginate in ?","Los Angeles","783","Who created Are You Being Served? ?","Jeremy Lloyd"
"201","14","Which female person has a child named Bernard Farrel ?","Françoise Rosay","853","Who is the creator of Terry Pratchett's Going Postal ?","Terry Pratchett"
"202","162","Who was the mother of Selma Bouvier ?","Jacqueline Bouvier","2545","Who is credited with the creation of Raja Surendra Vikram Shah at the age of 15 with his prime minister ?","anonymous"
"203","2607","Which female abstract being was the parent of Mr. Burns ?","Daphne Burns","2875","Who created C. Auguste Dupin ?","Jean Carlos"
"204","5167","Who has Hillary Clinton as a mother ?","Chelsea Clinton","3951","Who created Evangelists in the Chapel Capponi ?","Pontormo"
"205","10614","Which person has Anne Shirley as a parent ?","Julie Payne","5840","Which fictional character was created by Peyo ?","Gargamel"
"206","14177","Who is the offspring of Liu Rongnan ?","Empress Wang Xianyuan","6397","Which works were created by Google ?","Google NetPAC"
"207","390","Who is the sister of Elizabeth II ?","Princess Margaret, Countess of Snowdon","6500","What was developed by Munich ?","Richard Knox Olney"
"208","406","Who is Albert Einstein a sibling of ?","Maja Einstein","7483","Who created Gena the Crocodile ?","Eduard Uspensky"
"209","1338","Which person has Lacey Schwimmer as their sibling ?","Benji Schwimmer","10158","Who created Cirth ?","Daeron"
"210","2161","Which person had Princess Elisabeth of Savoy as sister ?","Charles Albert of Sardinia","10829","Which person is the creater of Name vase of the Heidelberg Painter ?","Heidelberg Painter"
"211","2202","Who is Helena Vondráčková a sister of ?","Jiří Vondráček","12389","Who created Rude Awakening ?","Claudia Lonow"
"212","4004","Who has Joël Sloof as thier sibling ?","Chardine Sloof","15131","Who created The strike ?","James Ensor"
"213","5091","Whose sister is Samar Badawi ?","Raif Badawi","18703","Who created Glade in a park - The garden of the poet ?","Vincent van Gogh"
"214","458","Which the biological process that represents the molecular function of Complement C1q tumor necrosis factor-related protein 3 ?","molecular function","27649","What did Robert Askin make ?","Street Sharks"
"215","129","Which Christian denomination does Milutin Milanković correspond to ?","Serbian Orthodox Church","32794","What did Shakira make ?","Oral Fixation Volumes 1 & 2"
"216","1435","What is the religious affiliation of Giovanni Lombardo ?","Christianity","33157","Who created Joachim among the Shepherds ?","Giotto di Bondone"
"217","1964","Which social group does Duchy of Courland and Semigallia relate to ?","Lutheranism","34201","Who created West Kent ?","Hewett Watson"
"218","11602","Which religion does Sparta relate to?","religion in ancient Greece","34326","Who created An Elephant Rubbing Itself against a Tree ?","Roelant Savery"
"219","12967","Which abstract noun is the religion of Ben Bova ?","atheism","37366","What did Toyota make ?","Kirobo Mini"
"220","457","Which organization was started by United Kingdom ?","UNESCO","41300","Who created equestrian statue of Joan of Arc ?","Emmanuel Frémiet"
"221","712","What is the name of the founder of Minsk ?","Menesk","51188","Who created Yandere Simulator ?","YandereDev"
"222","2368","Which political party was established by Vladimir Lenin ?","Communist Party of the Soviet Union","51568","What did Aleister Crowley make ?","The Book of the Law"
"223","2768","Which international organization was founded by Spain ?","European Space Agency","53687","What did Alice Pike Barney make ?","Self-Portrait in Repose"
"224","3021","Who founded Szilasliget ?","Ede Wéber","56114","Who created Young bather playing with his dog ?","Antoine Laurent Dantan"
"225","3361","Which person founded Winchester Repeating Arms Company ?","Oliver Winchester","56521","Who created New York Undercover ?","Dick Wolf"
"226","3961","Who founded Nefesh B'Nefesh ?","Yehoshua Fass","60947","Who created Barbary Coast ?","Douglas Heyes"
"227","4794","Who founded Roman Catholic Church ?","Jesus","320","What was presented by Ain't Had Enough Fun ?","Little Feat"
"228","7030","Who founded Rome ?","Romulus","523","Which literary work presented composer ?","Hosanna"
"229","11435","Who founded Evernote ?","Stepan Pachikov","3848","Which person was performed by Gul'dan ?","Daniel Wu"
"230","12669","Who founded Joensuu ?","Nicholas I of Russia","4610","Who performed Mitsuo Iwata ?","Go Ahead!"
"231","14785","Who founded Communist Party of Réunion ?","Paul Vergès","5191","Who delivered the performance of Justin Guarini ?","Stranger Things Have Happened"
"232","17591","Which abstract being founded Christianity ?","Jesus","8817","What was staged by Surfer Rosa ?","Pixies"
"233","20235","Who founded Bryn Mawr College ?","M. Carey Thomas","9970","What did This One's for You (David Guetta song) perform ?","David Guetta"
"234","23271","Which legislature founded Harvard University ?","Massachusetts General Court","12983","Who performed Javier Bardem ?","Silva"
"235","27718","Who founded Royal Society of Literature ?","George IV of the United Kingdom","13131","Who performed Angelina Jolie ?","Maleficent"
"236","30244","Who founded Capitol Records ?","Johnny Mercer","13365","Who performed Laurent Hilaire ?","Le Parc"
"237","32824","Who founded New York University ?","Albert Gallatin","15438","What did Vigilante Lover perform ?","John Cale"
"238","33308","Who founded Moscow ?","Yuri Dolgorukiy","15600","Which release presented John Dankworth ?","What the Dickens!"
"239","34815","Who founded Nazi Party ?","Anton Drexler","16480","Which release performed Germany national football team ?","Far Away in America"
"240","39696","Who founded Helsinki ?","Gustav I of Sweden","17035","Which fictional character presented Jean-Claude Brialy ?","Arsène Lupin"
"241","49653","Who founded University of Göttingen ?","George II of Great Britain","18275","What did Full Circle perform ?","Xzibit"
"242","56274","Who founded Legion of Honour ?","Napoleon","20160","Who performed composer ?","Hosanna"
"243","770","Which work of art was filmed at Wrocław ?","Bridge of Spies","23229","Who performed Anne Bancroft ?","Miss Havisham"
"244","1324","Which city was Magic Magic filmed on ?","Chile","31303","Which abstract being performed Noah Gray-Cabey ?","Micah Sanders"
"245","1371","Which location was Payoff filmed ?","Marseille","39732","Which fictional humanoid performed Bernd Michael Lade ?","Nico Pavon"
"246","1736","Where was Samson filmed ?","Paris","51363","What did The Remixes perform ?","Shakira"
"247","1817","Where was Romantic Island filmed ?","Philippines","54248","Who performed Junior Kimbrough ?","All Night Long"
"248","2388","Which administrative territory was In the Loop filmed at ?","London","54684","Who performed Ashley Hamilton ?","Wimmin'"
"249","3893","What was the location of filming The Holy Girl ?","La Ciénaga","64086","Who performed Kyle Riabko ?","Before I Speak"
"250","5151","Where was The Pilgrim filmed ?","Rio de Janeiro","81","Which artwork series has Spain as its location of final assembly ?","The Madonna of Port Lligat"
"251","9053","Where was Life as a Fatal Sexually Transmitted Disease filmed ?","Kraków","127","Where is the final place of assembly for MS Azura ?","Monfalcone"
"252","9764","Which film genre was filmed in the location Italy ?","Nostalgija vampira","4928","Which painting has Germany as its final assembly location ?","Marienaltar"
"253","10520","Where was Mutiny on the Bounty filmed ?","Tahiti","460","What is an otrhologus gene for C1QTNF3 ?","C1qtnf3"
"254","47038","Where was King of the Gypsies filmed ?","New Jersey","662","Which nucleic acid sequence is an orthologous gene for Cc2d2a ?","CC2D2A"
"255","58436","Where was Silkwood filmed ?","New Mexico","1719","What is the name of the species that has HTR2A as its orthologous gene ?","Htr2a"
"256","275","Which collectable was written by Lemmy Kilmister ?","White Line Fever","128","What is a significant event associated with Sylph ?","shipwrecking"
"257","727","What is the collectable written by Atom Egoyan ?","Dear Sandra","1104","Which significant event is Enceladus Fountain associated with ?","conservation"
"258","746","Who penned The Spoiler ?","Annalena McAfee","1830","Which person is myocardial infarction a key event of ?","Richard Pryor"
"259","852","Who was the writer of Hogfather ?","Terry Pratchett","10560","Which fortress had World War I as its key event ?","Hohenzollern Redoubt"
"260","1567","Who authored original 1568 version of Vasari's ""Lives of the Most Excellent Painters, etc"" ?","Giorgio Vasari","180","Which title has George Nares achieved ?","vice-admiral"
"261","2377","Which collectable is Thomas Kinsella an author of ?","Louis le Brocquy Táin illustrations","1355","What is the title conferred upon Francisco Franco Salgado-Araujo ?","general officer"
"262","4600","Who authored Mémoires d'un touriste ?","Stendhal","1980","Which title was the military rank held by Carlos Eduardo del Valle Carrizo Salvadores ?","colonel"
"263","4601","Who wrote Wolfsbane ?","Jacqueline Rayner","5685","Which military rank has Carlo Bergamini achieved ?","admiral"
"264","5337","Which collectable has Thomas Aquinas as its author ?","on being and essence","23376","Which person holds soldier ?","Maurice Poedts"
"265","6309","Who authored Die altägyptischen Gaue ?","Wolfgang Helck","23762","Who holds a military rank named engineer ?","Edouard Caspari"
"266","7134","Which literary work is written by Irène Némirovsky ?","Suite française","25229","Which person ranks soldier in military ranking ?","Maurice Poedts"
"267","8124","Who penned Coma ?","Robin Cook","30302","Which person possesses engineer ?","Edouard Caspari"
"268","8214","Who penned Das Lied der Deutschen ?","August Heinrich Hoffmann von Fallersleben","344","Which film award was Mario Monicelli nominated for ?","Academy Award for Best Writing, Original Screenplay"
"269","11199","Which person authored Harvey, John ?","John Knox Laughton","5069","Which person was nominated for Best Actress Award ?","Jaclyn Jose"
"270","11354","Who authored The Divine Comedy ?","Dante Alighieri","12101","Which television award did Avatar: The Last Airbender receive ?","Kids' Choice Award for Favorite Cartoon"
"271","14923","Who wrote K-On! ?","Kakifly","13572","Which award does Tim Pigott-Smith have ?","Tony Award for Best Actor in a Play"
"272","18446","Who authored A Fighting Man of Mars ?","Edgar Rice Burroughs","17456","Which award was Shadowfax a recipient of ?","Grammy Award for Best New Age Album"
"273","20880","Who wrote The PFA footballers' who's who 2008-09 ?","Barry Hugman","26139","Which award did Ana Bertha Espín receive ?","Ariel Award for Best Actress"
"274","21540","Who authored Emma in Winter ?","Penelope Farmer","335","Which color is associated with One Hour with You ?","black-and-white photographic film"
"275","21601","Who authored Catsomy, le chat qui dérape?","Jérémy Taburchi","1205","What is the color of Flag of Romania ?","cobalt blue"
"276","21738","Who wrote Desconhort ?","Ramon Llull","1869","Which physical property is Harvard University associated with ?","crimson"
"277","25775","Who penned Dictionary of American Naval Aviation Squadrons Volume I: The History of VA, VAH, VAK, VAL, VAP and VFA Squadrons ?","Roy A. Grossnick","27782","Which coat of arms is gold in color ?","flag of the Armenian Soviet Socialist Republic"
"278","27116","Who penned Yahya Hassan ?","Yahya Hassan","881","Which organization was the production company of Fantastic Four: Rise of the Silver Surfer ?","Ingenious Media"
"279","29555","Who authored Invisible Man ?","Ralph Ellison","1348","Which work of art had United States of America as the production house ?","Crustacés et Coquillages"
"280","30446","Who authored LaBrava ?","Elmore Leonard","3049","Who was the producer of Alex & Emma ?","Franchise Pictures"
"281","34071","Who authored Chobits ?","Clamp","3671","Who produced Your Highness ?","Scott Stuber"
"282","36982","Who penned Beastly ?","Alex Flinn","6415","Which film genre was produced by University of California, Los Angeles ?","9"
"283","40681","Who authored Ore no Imōto ga Konna ni Kawaii Wake ga Nai ?","Hideyuki Kurata","26690","Which organization produces The Green Terror ?","Gaumont-British Picture Corporation"
"284","42483","Who wrote Gakuen Heaven ?","You Higuri","34781","Who produced Barbie in A Mermaid Tale 2 ?","Mattel"
"285","45250","Who wrote Crow Girl ?","Erik Axl Sund","42881","Who produced Mood Indigo ?","France 2"
"286","46865","Who authored Noise: The Political Economy of Music ?","Jacques Attali","43575","Who produced Seven Sinners ?","Warner Bros."
"287","52101","Who authored Gnomes ?","Wil Huygen","45862","Who produced Lupin III: Pandora no Isan ?","Tose Co."
"288","57543","Who authored Baka and Test ?","Kenji Inoue","47197","Which person produces Poison ?","Christine Vachon"
"289","59263","Who penned Sétimo?","André Vianco","50832","Who produced Strangers on a Train ?","Warner Bros."
"290","62340","Who authored Bitten ?","Kelley Armstrong","52699","Who produced A Matter of Earnestness ?","Finos Film"
"291","1200","What is the record label of Beryl Davis ?","Hindsight Record Company","634","What is accepted as the currency of Russia ?","Soviet ruble"
"292","1349","Who sponsored the recoding of Tiffany ?","SM Entertainment","1520","What is the architectural structure occupied by association football ?","Dębińska Road Stadium"
"293","1571","Which release has association football as its record label ?","Yeovil True","1657","Which building is occupied by George VI ?","Windsor Castle"
"294","5279","Which division sponsored the recording of Resolution ?","Black Saint/Soul Note","7232","What was inhabited by Pittsburgh Penguins ?","PPG Paints Arena"
"295","12663","Which album has BBC as its recording sponsor ?","A House: Live in Concert","9088","Which sports venue is inhabited by 2002 FIFA World Cup ?","Daegu Stadium"
"296","192","What is the ethnicity of Stanley Crouch ?","African Americans","28411","Who is an occupant of Witte Dame ?","Fontys University of Applied Sciences"
"297","1339","Which people does Vladimir Putin have as his/her race ?","Russians","35401","Who was the tenant of Rizal Memorial Baseball Stadium ?","Philippines national baseball team"
