frequency|word
2|(3R)-hydroxymyristoyl-ACP
1|(CheY-like)
1|(Cone
2|(Fe-S)-binding
1|(FtsB-like)
1|(H+)
1|(UDG)
1|(adenine(2503)-C(2))-methyltransferase
1|(chelated)
1|(cytosine(967)-C(5))-methyltransferase
1|(dimethylallyl)adenosine
1|(ftsY)
1|(glutamate--tRNA
1|(guanine-N(1)-)-methyltransferase
1|(heme
1|(in
1|(pseudouridine(1915)-N(3))-methyltransferase
40|1
8|1,
1|1,4-dihydroxy-2-naphthoate
2|1-acyl-SN-glycerol-3-phosphate
2|1-acyl-sn-glycerol-3-phosphate
1|1-carboxyvinyltransferase
1|1-dehydrogenase
1|1-like
1|1-related
4|10
1|10AD1
4|11
1|113
3|12
1|14
1|15
1|16
2|16,
2|16S
1|17-beta-dehydrogenase
3|1A
2|1A1
1|1B
1|1D
1|1F
28|2
4|2,
1|2,3,4,5-tetrahydropyridine-2,6-dicarboxylate
1|2-deoxyribose-5-phosphate
2|2-thiouridylase
1|2/3
1|20
1|21
1|23
2|23S
1|260
1|27
1|28S
13|2A
2|2B
1|2B17
2|2C
14|3
1|3'-terminal
2|3,
1|3-dehydroquinate
1|3-deoxy-D-manno-octulosonate
1|3-deoxy-manno-octulosonate
1|3-ketodihydrosphingosine
1|3-methyl-2-oxobutanoate
1|3-oxo-5-alpha-steroid
2|3-oxoacyl-ACP
1|3-oxosteroid
1|3-phosphate
1|3-phosphoshikimate
17|30S
1|32
1|329
2|34
1|35
1|39S
1|3C
11|4
1|4-dehydrogenase
1|4-hydroxy-tetrahydrodipicolinate
1|4-phosphate
1|40
1|40H
2|41
1|42E
2|431
1|48
1|491
1|4B
1|4E-binding
1|4Fe-4S
1|4L
3|5
1|5'-methylthioadenosine
1|5'-nucleotidase
1|5-aminolevulinate
18|5-hydroxytryptamine
21|50S
1|577
1|5A
6|6
2|60S
1|638
1|6K6
6|7
1|7,
1|7-interacting
2|70
1|775
1|7B
2|8
1|88
1|8A,
1|9
1|9-like
1|90
850|?
9|A
1|A,
1|A/B
1|A1,
2|A4
26|ABC
2|ABC-type
1|ABL1
1|ADP-ribosylation
1|AHA_0312
1|AHA_0362
1|AHA_0830
2|AHA_0918
1|AHA_1036
1|AHA_1045
1|AHA_1284
1|ALKBH2
1|AMED_1265
1|AMED_1987
1|AMED_2101
1|AMED_2194
1|AMED_2714
1|ANK
1|ASF1B
1|AT-hook-containing
1|AT-rich
11|ATP
8|ATP-binding
1|ATP-citrate
3|ATP-dependent
1|ATP-sensitive
8|ATPase
1|ATPase/membrane
1|Actin
1|Actin-related
1|Activating
1|Adenosine
1|Adhesion
1|AglA
1|Alpha-1-antitrypsin
1|Alpha-N-acetylgalactosaminide
1|Aminoacyl
2|Amyloid
1|Androgen
1|Angiopoietin-related
2|Ankyrin
18|Apoptosis
1|Apoptosis-inducing
1|Arf-GAP
1|Arylsulfatase
1|AsnC
1|Aspartate--tRNA
1|Atg16p
9|B
1|B,
1|B-cell
1|B1
1|B3
1|B8
1|BAN
1|BB_0057
1|BB_0669
1|BB_U11
1|BC4214
1|BC4260
1|BC4326
1|BC4405
1|BC4989
1|BDGL_001373
1|BDGL_002669
1|BDGL_002845
1|BF2117
1|BF2262
1|BF2626
1|BF3266
1|BF4581
1|BL0551
1|BL0751
1|BL0853
1|BL1064
1|BL1259
1|BL1367
1|BL1408
1|BL1561
1|BMA1300
1|BMAA1273
1|BN112_0365
1|BN112_0963
1|BN112_1131
1|BN117_0026
1|BN117_0051
1|BN117_0168
1|BN117_0847
1|BN117_0959
1|BN117_1687
1|BN117_1793
1|BN117_2189
1|BP0840
1|BP1878
1|BP3639
1|BPSL3207
1|BPSL3275
1|BPSS1114
1|BRG1
1|BSU09600
1|BSU11630
1|BSU19560
1|BSU27420
1|BSU27440
1|BSU32180
1|BSU33390
1|BSU34570
1|BT9727_3538
1|BT9727_3561
1|BT9727_4009
1|BT9727_4420
1|BT_2976
1|BT_3390
1|BT_3393
1|BT_3569
1|BT_3701
1|BT_3882
1|BT_4386
1|BT_4694
1|BU051
1|BU487
1|BU515
1|Bacitracin
1|Baculoviral
17|Bcl-2
1|Bcl-2,
1|Bcl-2-like
1|Beta-1,4-glucuronyltransferase
1|Beta-2
1|Beta-centractin
1|Bile
1|Bis(5'-nucleosyl)-tetraphosphatase
1|Bromodomain-containing
1|BvgA
10|C
1|C-1-tetrahydrofolate
1|C1-like
1|C3
1|C4-dicarboxylate
2|CAAX
1|CA_C2500
1|CA_C3106
1|CA_C3600
1|CBFA2T1
1|CBU_0609
1|CBU_1147
1|CBU_1324
1|CBU_1333,
1|CBU_1673
1|CD9
1|CKLF-like
1|CLC_0971
1|COX18
1|CPA1
1|CRA_a
1|CT0293
1|CT0818
1|CT2036
1|CTL0326
1|CTL0697
1|CT_199
1|CT_714
2|CT_728,
1|CT_841
1|Calcitonin
1|Calpain-9
1|Carbohydrate
2|Carnitine
3|Catenin
1|Cathepsin
1|Caur_0029
1|Caur_0376
1|Caur_0527
1|Caur_0529
1|Caveolin-1,
1|CbiM
1|Centriolin
3|CheA
1|CheB
1|Chlorophyll
1|Chromatin
1|Cj1490c
1|Cj1693c
2|Clp
1|Coatomer
1|Coiled-coil
3|Collagen
1|Copper-transporting
1|CrcB
1|CtaB
1|CusS
1|Cyclin-T1
1|Cyclin-dependent
1|Cystatin-B
4|Cytochrome
1|Cytospin-A
1|D
19|D(2)
1|D-alanyl-D-alanine
1|D-erythrose
1|D1
1|D2
1|DDX19A
1|DENND6A
2|DEP
1|DLX-3
1|DLX-4
11|DNA
1|DNA-3-methyladenine
1|DNA-binding
1|DNA-directed
1|DR_0744
1|DR_0777
1|DR_0807
1|DR_1106
1|DR_2308
1|DUP240
1|DVU1418
1|DVU1897
1|Dad4p
1|Dihydrolipoyl
1|Diphthine--ammonia
1|Disintegrin
4|DnaJ
2|Dolichol-phosphate
3|Dual
1|Dynamin-binding
1|Dynein
1|E
4|E3
1|E3A
1|EAE_01240
1|EAE_04960
1|EAE_05765
1|EAE_06060
1|EAE_06120
1|EAE_06240
1|ECIAI39_0094
1|ECIAI39_2354
2|ECIAI39_2851
1|ECIAI39_4335
1|ECL_00488
1|ECL_00561
1|ECL_01157
1|ECL_01939
1|ECUMN_1373
2|ECUMN_2568
1|ECUMN_2621
1|ECUMN_2744
1|ECUMN_2776
1|EDAR
1|EF1541
1|EF2070
1|EF2075
1|EF3202
1|EFR3
1|EKC/KEOPS
1|Ecto-NOX
1|Ectonucleoside
1|Emerin
1|Endothelial
1|EngA
1|Ephrin
2|Epidermal
2|Eukaryotic
1|ExbB
2|F
1|F-box
1|F-box/WD
1|F0
3|F0F1
1|F1
1|F1F0
1|F6
1|FG-nucleoporin
1|FK506-binding
1|FKBP-type
1|FN0299
1|FN0803
1|FN0912
1|FN1163
1|FN1312
1|FP0275
1|FP0379
1|FP0470
1|FP1182
1|FP1298
1|FP1329
1|FP1333
1|FP1335
1|FP1337
1|FP1919
1|FTSY
1|FTT_0695
1|Fat
1|Fc
1|FcRn
4|Fibroblast
1|FlgA
1|FlgJ
1|FliR
1|FmtC
1|Forkhead
1|Frizzled-4
2|FtsH
1|FtsH-2
2|FtsZ
1|Fumarase
3|G
1|G(z)
1|G/H
1|G1/S-specific
1|GADD45
1|GOT1A
1|GPI
1|GSU2222
1|GSU2836
1|GSU3067
1|GSU3279
4|GTP-binding
1|GTPase
1|GTPase-activating
1|Gamma-aminobutyric
1|Gem-associated
1|GidB
1|Gla
1|GlnH
1|Glutamate
1|Glutamyl/glutaminyl-tRNA
1|Glutathione
1|Glycerate
2|Glycogen
1|Glycolipid
1|GroEL
2|Growth
1|Guanidinoacetate
1|Guanine
2|H
1|H2A
1|H3.2
1|HAUS
1|HECTD2
1|HI0035
1|HI0249
1|HI0317
1|HI0361
1|HI1276
1|HMPREF0351_11120
1|HMPREF0351_11149
1|HMPREF0351_11543
1|HMPREF0421_20579
2|HMPREF0421_20640
1|HP0777
1|HP1080
1|HP1450
1|HPB-MLT
1|HPr
1|HRAS-like
1|Heat
1|Hexokinase-3
1|High
3|HisF
5|Histone
1|Histone-lysine
2|HlyD
1|HmuC
3|Homeobox
1|Hpr
8|I
1|IAP
1|IF-1
2|IF-2
9|II
1|IIA
3|IIABC
1|IIB
1|IIBC
1|IIC
2|III
1|IRE2
1|ISG15
1|IV
2|IX
2|Ig
1|IgG
2|Imidazole
1|Inhibitor
1|Ino4p
1|Inositol-3-phosphate
1|Insulin-like
1|Integrator
3|Integrin
1|Interferon
1|Interleukin-18,
1|Inward
1|Isocitrate
1|J
2|K
1|KIAA1109
1|KPHS_01320
1|KPHS_05870
1|KPHS_08120
1|KPHS_09240
1|KPHS_09270
1|KPHS_12290
1|Kallikrein
1|Kazal,
1|KefC
1|Keratin,
1|Kinesin
1|Kinetochore-associated
1|Klotho
1|Krueppel-like
1|Kunitz
1|Kv
1|L-aspartate
1|L-seryl-tRNA
1|L0118
2|L1
1|L10
1|L11
1|L12179
1|L137446
2|L14
1|L16
1|L180469
1|L19
2|L2
1|L2,
2|L21
1|L22
1|L23
2|L24
1|L33
1|L34
1|L35
1|L38
1|L4822
1|L5
1|L53,
1|L63811
1|L7
1|L7/L12
1|LA_2387
1|LA_2402
1|LA_4168
1|LBA0616
1|LBA0965
1|LBA1660
1|LBA1859
1|LIM
1|LSm10
1|Lactotransferrin
1|Large
1|Latexin
2|LepA
1|Leucine-rich
1|Loss
1|LprG
1|Lsb3p
1|Lsb5p
1|Lysine-specific
1|M-Ras,
1|MAB_2664c
1|MAB_3283c
1|MAD1
1|MAGE-like
1|MAK16
1|MARCH8
1|MARVEL
1|MCPs
1|ML0582
1|ML0792
1|ML1467
1|ML1623
1|ML1655
1|ML2412
1|MOB-like
1|MPC1
1|MPN277
1|MPN356
1|MPN629
1|MSC_0042
1|MSC_0330
2|MSC_0722
1|MSC_0740
1|MSC_0856
1|MSC_0890
1|MSMEG_0087
1|MSMEG_1064
1|MSMEG_2541
1|MST27
1|Mannose-1-phosphate
1|Matrix
1|Mb1446c
1|Mb1597
1|Mb1888
1|Mb2618c
1|Mb3648c
1|Mediator
1|Meis1
1|Metallo-beta-lactamase
1|Methionine-R-sulfoxide
1|Methyltransferase-like
1|Mfl374
1|Mfl441
1|Mfl571
1|Mfl608
1|Mgm101p
1|MhqD
3|Mitochondrial
1|Mitogen-activated
2|MnmA
1|ModB
1|ModC
1|Moth_0743
1|Moth_1482
2|Moth_1902,
1|Moth_2290
1|Moth_2309
1|Moth_2354
1|Mothers
1|MraW
1|MraZ
2|MscS
1|Mucin-1
1|MurJ
1|Musculin
1|Myomegalin
1|Myomesin-1
1|N,N-dimethylaniline
1|N-acetyl
1|N-acetyl-gamma-glutamyl-phosphate
1|N-acetylglucosaminephosphotransferase
2|N-methyltransferase
1|N-myc-interactor
1|N-succinyltransferase
2|NAD-dependent
4|NADH
2|NADH-quinone
1|NEP1
1|NEW
1|NGO0573
1|NGO0578
2|NGO0611
1|NGO1830
1|NGO1853
1|NGO1993
1|NGR_b03410
1|NMB0163
1|NMB0194
1|NMB0590
1|NMB0758
1|NMB0798
1|NOV
1|NRG857_01800
1|NRG857_01885
1|NRG857_02855
1|NRG857_03070
1|NRG857_05210
1|NRG857_07315
1|NRG857_10905
1|NTR
1|NUP57
1|Na(+)/H(+)
1|Na+-driven
1|Neurofilament
1|Neurogenic
1|Nexilin
1|NhaA
1|Niban,
1|Niemann-Pick
1|Non-secretory
1|Normal
3|Nuclear
1|Nucleoside
1|Nup133
1|O
1|O-acetyltransferase
2|O-palmitoyltransferase
1|O-succinyltransferase
1|O3K_00690
1|O3K_01635
1|O3K_03365
1|O3K_05015
3|Olfactory
1|Opioid-binding
1|Opsin
1|Oxytocin
2|P-ring
2|P-type
1|P2X
1|P2Y
2|P450
1|PA1085
1|PA1183
1|PA3103
1|PA3814
1|PA5070
1|PA5155
1|PH
2|PHD
1|PP_0009
1|PP_0012
1|PP_0436
1|PP_1334
1|PP_2302
1|PP_4119
1|PP_4964
1|PP_5097
1|PR
1|PSF1
1|PSF3
1|PSPTO_3843
1|PSPTO_4403
1|PSPTO_5008
1|PSPTO_5152
1|PSPTO_5282
1|PSPTO_5424
1|PTC2
6|PTS
1|Pancreatic
1|Pannexin-3
1|Pappalysin-1
1|Paralemmin-2,
2|Paternally-expressed
1|PcbD
1|PdxA
1|Peptide
1|Peptidoglycan
1|Peptidyl-glycine
1|Pho89p
1|PhoQ
1|PhoR
1|PhoU
2|Phospholipid
1|Plasma
1|Plasminogen
1|Platelet
1|Preprotein
1|Pro_0735
1|Pro_0751
1|Pro_1167
1|Pro_1400
1|Pro_1620
1|Pro_1812
3|Probable
1|Programmed
1|Prosalusin
1|Prostaglandin
12|Protein
3|Proto-oncogene
1|Protocadherin
1|PrpE
1|Psyr_3672
1|Psyr_3756
1|Psyr_4072
1|Psyr_4816
1|Putative
1|Q0065
1|R
2|RB10255,
1|RB10271
1|RB10566
1|RB10883
1|RB4960
1|RFX3
1|RING
8|RNA
1|RNA-associated
3|RNA-binding
1|RNF169
1|RNF4
1|RNR2
1|RP355
1|RP415
1|RP648
1|RP775
1|RSP_1145
1|RSP_2242
1|RSP_2297
1|RSP_3194
1|RSP_3869
1|RXR-alpha
1|Rab
1|Rab-20
1|RalA-binding
3|Ras-related
1|RcsBC
1|Receptor
1|Receptor-type
4|Retinoic
1|Rex
1|RfaP
1|Rho
1|RhtB
1|Riboflavin
1|Ribosomal
1|Rim4p
1|RlmH
1|RlmN
1|RnfC
1|RpoS
1|Rru_A2516
1|Rru_A2678
1|Rru_A3288
1|Rru_A3358
2|Rru_A3360
1|Rru_A3621
1|Rv0710
1|Rv1201c
1|Rv1308
1|Rv1695
1|Rv2471
1|Rv2601
1|Rv2713
1|Rv3139
2|Ryanodine
1|S-adenosyl-methyltransferase
1|S-transferase
1|S1
1|S10
1|S100-A12
4|S11
1|S13
1|S14
1|S16,
3|S17
1|S18
1|S19
2|S3
1|S7
1|S8
1|SAFB-like
1|SAG0270
1|SAG0476
1|SAOUHSC_01142
1|SAOUHSC_01235
1|SAOUHSC_02750
2|SAOUHSC_02975
1|SAP30L
2|SCO1/SenC
1|SCO3225
1|SCO4653
1|SCY1-like
1|SDY_3459
1|SDY_3832
1|SE1041
1|SEC62
1|SH2
2|SH3
1|SHCBP1L
1|SID1
1|SLC35A5
1|SLIT-ROBO
1|SMC6
1|SMU_1264
1|SMU_1271
1|SMU_1874
1|SMU_2162c
1|SMU_482
1|SMU_770c
1|SMU_809
2|SM_b21578
1|SMc01654
1|SMc01863
1|SMc01913
1|SMc02042
1|SMc02498
1|SMc02804
1|SOCS
1|SOF1
1|SOX-1
1|SOX-5
1|SOX-8
1|SO_3419
1|SO_3435
1|SO_3534,
1|SO_3674
1|SO_3894
1|SO_4447
1|SO_4564
1|SO_4614
1|SPR28
1|SPT4-A
1|SRU_0766
1|SRU_1038
1|SRU_1058
1|SRU_1565
2|SRU_1661,
1|SRU_2100
1|SRU_2348
1|SRU_2460
1|SRU_2831
1|SSA_0119
1|SSA_0193
1|SSA_0773
1|SSA_1143
1|SSUBM407_0346
1|SSUBM407_0421
1|SSUBM407_0625
1|SSUBM407_0651
1|SSUBM407_0869
1|SSUBM407_1585
1|SUN
1|SUV39H1
1|Sec39p
1|Sec63
1|SecA
1|SecD
1|SecD/SecF
2|SecE
2|SecG
1|SecY
1|Sentrin-specific
1|Septin-2
2|Serine
1|Serine/threonine-protein
1|Serpin
1|Short-chain
1|Signal
1|Sin4p
1|Sm
1|Sm-like
2|Small
1|Smed_2167
2|Sodium-dependent
1|Sodium/glucose
3|Solute
1|Sorbin
1|Spermatogenesis-
1|Spexin
1|Sphingosine
3|Src
1|SstT
1|Stu2p
1|Sua5/YciO/YrdC/YwlC
1|SurE
1|SusD,
1|Synphilin-1
2|T-cell
1|T-complex
1|TALPID3
1|TBC1
1|TDE0778
1|TDE0813
1|TDE2428
1|TEMP
1|THEYE_A0339
1|THEYE_A0538
1|THEYE_A1416
1|THEYE_A1889
1|THO
2|TIM50
1|TM0158
1|TM0235
1|TM1658
1|TM1780
1|TPRKB
1|TTHA0094
1|TTHA1472
1|TTHA1815
1|TTLL3
1|Taf2p
1|Taf6p
1|Taste
1|TatC
1|Tectonic-2
1|Teneurin-1
1|Testicular
1|Testis-specific
1|Testosterone
1|ThiI
2|Thioredoxin-related
2|TonB
6|Transcription
1|Transforming
6|Transient
2|Translation
1|Transmembrane
1|Transthyretin
1|Tripeptide
1|TrpR
1|Tu
1|Tubulin
4|Tumor
1|Type
1|Type-1
2|Tyrosine-protein
1|U3
1|U4/U6.U5
1|U7
1|UDP-2,3-diacylglucosamine
1|UDP-N-acetylenolpyruvoylglucosamine
1|UDP-N-acetylglucosamine--dolichyl-phosphate
3|UDP-N-acetylmuramate--L-alanine
1|UDP-N-acetylmuramoylalanine-D-glutamyl-lysine-D-alanyl-D-alanine
1|UDP-glucuronosyltransferase
1|UDP-sugar
1|UFO,
1|UbiB
1|Ubiquitin-like
1|Ubiquitin-protein
1|Uga4p
1|Uncharacterized
1|Upc2p
1|Uracil-DNA
1|Urea
1|Uridine-cytidine
1|Uteroglobin,
7|V
2|V-I
1|V-set
1|V-type
1|VC2730
1|VCA0129
1|VCA0872
1|VCA0974
1|VCA1000,
1|VCP/p97-interacting
1|VF_1997
1|VF_2484
1|VF_A0260
1|VF_A0265
1|VF_A0427
1|VF_A0438
1|VF_A0803
1|VP2606
1|VP2928
1|VP3074
1|VPA0055
1|VPA0979
2|Vac14p
1|Valacyclovir
1|Vascular
2|Vesicle
2|Voltage-dependent
1|WAP,
2|WD
219|What
632|Which
1|Wiskott-Aldrich
1|Wnt-2
1|Wnt-5a
1|Wzc
1|WzzE
1|XCC0670
1|XCC2511
1|XCC3089
1|XCC3101
1|XCC3423
1|XCC3532
1|Y-encoded
1|YAL025C
1|YBR183W
1|YBR264C
1|YBR296C
1|YCL034W
1|YCR042C
1|YDL210W
1|YDR013W
1|YDR213W
1|YDR218C
1|YDR256C
1|YDR320C-A
1|YDR371W
1|YDR529C
1|YE0103
1|YE0851
1|YE1009
1|YE1199
1|YER023W
1|YER089C
1|YFR024C-A
1|YFR045W
1|YGL051W
1|YGL080W
1|YGL086W
1|YGL112C
1|YGR119C
1|YHL024W
1|YHR005C
1|YHR176W
1|YHR190W
1|YIPF6
1|YJL026W
1|YJR144W
1|YKL058W
1|YKL175W
1|YKL196C
1|YKT6
1|YLL011W
1|YLL039C
1|YLR001C
1|YLR045C
1|YLR325C
1|YLR383W
2|YLR386W
1|YLR440C
1|YML081C-A
1|YMR159C
1|YNL236W
1|YNR057C
1|YOL108C
1|YOL146W
1|YOR003W
2|YPCD1.45,
1|YPL063W
1|YPL094C
1|YPO0217
1|YPO0850
1|YPO1806
1|YPO3751
1|YPR033C
1|YPT10
1|YSP3
1|YaeT
1|YidC
1|YvgM
1|Z
1|Z-dependent
1|ZRT3
7|Zinc
1|Zn(2+)
1|[NAD]
1|[ubiquinone]
500|a
1|a/b
1|aI4
1|accessibility
1|acetate
2|acetyl-CoA
1|acetylglucosaminyltransferase
1|acetyltransferase
11|acid
1|acids
2|activating
1|activation
2|activator
1|acyl-CoA
4|acyltransferase
1|adenine
2|adenosylcobinamide-GDP
2|adenosyltransferase
1|adenylate
2|adenylosuccinate
1|adhesion
1|adrenergic
1|aerobactin
1|affinity
1|against
1|aggregation
3|alanyl-tRNA
1|aldolase
1|allophycocyanin
9|alpha
1|alpha,
1|alpha-1
1|alpha-1(XV)
1|alpha-1(XVIII)
1|alpha-1(XXVIII)
1|alpha-1/13
1|alpha-2,6-sialyltransferase
1|alpha-6
1|alpha-M
1|alpha-amidating
2|alpha-amylase
1|alpha-glucosidase
7|amino
2|aminopeptidase
1|ammonia-lyase
1|ammonium
35|and
1|angiotensin
1|antigen
2|antiporter
1|antiporter-1
1|aq_005
1|aq_1293
1|aq_1308
1|aq_1587
1|aq_445
1|aq_852
1|aq_992
303|are
1|argC
2|argininosuccinate
1|aromatic
1|arrest
1|arrest-specific
1|as
1|aspartate--tRNA
1|aspartyl-tRNA
1|assembly
1|associated
1|at
1|augmin-like
2|b
1|b4
2|basal
1|basic
10|beta
1|beta-1
1|beta-1,
1|beta-2
1|beta-3
1|beta-N-
3|bifunctional
2|binding
1|binding-protein
1|binding/ATPase
1|biopolymer
8|biosynthesis
2|biosynthetic
1|bll6879
1|bll6925
1|bll7947
2|blr1955
1|blr7377
1|blr8132
2|body
1|botulinum
3|box
1|brain
1|branched-chain
3|c
1|c-type
2|calcium
1|calcium-transporting
1|camphor
1|carbamoyl
2|carboxylase
1|carboxyltransferase
4|carrier
1|catalase
8|cation
1|cation:proton
1|cbb3-type
225|cell
1|cell-specific
56|cellular
1|center
11|chain
12|channel
1|channel-interacting
2|chaperone
1|chaperonin
1|chemical
4|chemotaxis
2|chitinase
1|chloride-dependent
1|chorismate
1|chromosomal
1|class
1|coactivator
2|cobalt
1|coiled-coil
1|competence
13|complex
1|complex,
1|complex-interacting
654|component
260|components
1|compound-resistance
1|condensation
1|containing
2|copper-transporting
1|core
1|cotransporter
1|crumbs
3|cyclase
1|cyclin-D1
1|cysteine
2|cysteine--tRNA
1|cysteinyl-tRNA
1|cytidine
3|cytidylyltransferase
5|cytochrome
1|cytoplasmic
1|cytoskeletal
1|d
1|damage-inducible
3|deacetylase
1|death
1|decapentaplegic
1|decarboxylase
2|dehydratase
11|dehydrogenase
1|dehydrogenase,
1|dehydrogenase-N
1|dehydrogenase/reductase
2|delta
1|delta,
1|delta-1
2|demethylase
2|dependent
1|desulfurase
1|dethiobiotin
3|diacylglyceryl
2|diaminopimelate
1|dihydroorotase
1|dihydropyrimidine
1|dinucleotide
1|dipeptidase
2|diphosphate
1|diphosphohydrolase
1|dismutase
1|disulfide-thiol
1|dithiobiotin
8|division
3|domain
1|domain,
1|domain-binding
15|domain-containing
20|dopamine
1|eIF-2B
4|efflux
2|electron
4|elongation
2|endonuclease
2|endopeptidase
1|endosome
2|endothelial
2|energy
3|enzyme
1|enzyme:
2|epimerase
2|epoxide
2|epsilon
1|erbB-4,
1|erythroid-specific,
1|esophagus-specific
2|eta
1|exchanger
7|excinuclease
1|exopolysaccharide
3|export
1|exporter
33|factor
1|factor-beta-induced
1|factor-binding
1|factor-like
1|factors
18|family
1|farnesyl-diphosphate
2|farnesyltransferase
1|farnesyltransferase/squalene
1|ferredoxin,
1|ferric
2|ferrous
1|filament-associated
10|finger
3|flagellar
1|fliN
1|flippase
1|for
1|form
1|formate
1|formate-lyase
2|fructose-specific
1|ftsB
1|fused
5|gamma
1|gamma-2,
1|gamma-5
1|gamma-8
2|gamma-aminobutyrate
3|gene
2|general
1|gll2424
1|gll2454
1|glucitol
1|glucokinase
1|gluconate
1|glucosamine
1|glucose-6-phosphate
1|glucose-specific
1|glutamate
1|glutamine
1|glutaminyl-tRNA
1|glutamyl-tRNA
1|glutathione-regulated
1|glyceraldehyde
4|glycerol
1|glycerol-3-phosphate
2|glycosylase
2|glycyl-tRNA
1|glyoxylate/hydroxypyruvate
1|gntP
11|growth
1|guanine
1|guanyltransferase
1|gvip571
2|gyrase
1|harvesting
1|have
1|heat
1|helicase
1|helix-loop-helix-containing
2|heme
1|hemin
1|hemolysin
1|heptose(I)
1|heterozygosity
1|hisG
10|histidine
1|histidine--tRNA
1|histidyl-tRNA
1|holliday
12|homolog
2|homoserine
1|htpX
5|hydrolase
1|hydroxymethyltransferase
1|hydroxymethyltransferase,
24|hypothetical
2|hypoxanthine-guanine
1|i
1|ig-h3
2|imidazole
1|immunoglobulin
1|immunoglobulin,
1|import
2|in
3|inhibitor
6|initiation
3|inner
2|inorganic
1|insertase
1|integral
1|interaction
1|interactive
1|intermediate
1|intron-encoded
1|involved
1|inward
2|ion
3|iron
1|iron-sulfur
718|is
3|isoform
5|isomerase
1|junction
2|kDa
2|kappa
37|kinase
1|kinase-3
1|kinase-like
1|kinase/endoribonuclease
1|kinase/phosphorylase
1|lambda
2|large
1|leader
1|leucyl-tRNA
19|ligase
1|ligase)
4|light
1|lipid
1|lipoamidase
1|lipoate-protein
2|lipopolysaccharide
3|lipoprotein
1|lipoyl
2|liver
2|lmo0799
1|lmo1429
1|lmo1652
1|lmo1733
1|lmo1902
1|lmo2008
1|lmo2105
1|locus
1|long-wave-sensitive
2|lp_0795,
1|lp_3339
1|lpg1421
1|lpg1787
1|lpg2348
1|lpg2704
3|lyase
1|lymphoma
1|lysine--tRNA
2|lysyl-tRNA
1|magnesium
1|maltoporin
1|maltose
1|manganese
3|mannosyltransferase
1|maturation
2|mechanosensitive
1|mediated
19|member
12|membrane
1|metal
1|metallo-beta-lactamase
2|metalloprotease
1|metalloproteinase
2|methionine
1|methionine--tRNA
2|methyl-accepting
2|methylase
3|methylated-DNA--protein-cysteine
1|methylesterase
1|methylthiotransferase
7|methyltransferase
13|mitochondrial
1|modulated
1|modulator
1|molecular
2|molecule
2|molybdate
1|molybdate-binding
1|molybdenum
1|molybdopterin-guanine
1|monoglycylase
1|monooxygenase
1|monooxygenase,
1|monovalent
1|mucosa
1|multi-sensor
1|multidrug
1|multifunctional
1|murB
1|mutase
2|necrosis
2|needle
1|neutral
1|nisin
1|notch
2|nuclear
1|nucleolar
1|nucleoside
2|nucleotide
2|nucleotide-binding
1|nutrients
858|of
1|oligopeptide
1|oligoribonuclease
1|only
1|oogenesis-specific
1|operon
6|organelle
1|organelles
4|outer
1|oxacillin
5|oxidase
1|oxidase,
1|oxidative
2|oxidoreductase
1|p51
2|p53-binding
1|palmitoyltransferase
222|part
130|parts
2|pathway
2|peptidase
1|peptidase-like
1|peptide
2|peptidoglycan
1|peptidylprolyl
16|permease
2|phenylalanyl-tRNA
1|pho
1|phocein
1|phopshomevalonate
6|phosphatase
11|phosphate
1|phosphate/sulfate
1|phosphatidate
1|phosphatidylserine
3|phospho-N-acetylmuramoyl-pentapeptide-transferase
1|phosphocarrier
1|phosphonate
1|phosphonates
1|phosphoribosylformylglycinamidine
4|phosphoribosyltransferase
3|phosphorylase
1|phosphorylase,
1|phosphorylates
1|phosphotransfer
1|photosystem
1|phytoceramidase
1|pigments),
2|plant
5|polymerase
1|polymerase,
1|polynucleotide
1|polypeptide
2|polyphosphate/ATP-NAD
1|polyprenyltransferase
1|pore
1|porin
1|positive
2|potassium
1|potassium-efflux
6|potential
1|ppk
1|pre-pilin
1|prenyl
1|prephenate
7|preprotein
1|proline-specific
3|prolipoprotein
1|propionate/acetate
8|protease
280|protein
1|protein,
1|protein-coupled
1|protein/cell
1|protein/permease
2|protoheme
1|proton
2|pump
2|purinoceptor
6|putative
1|putrescine
1|pyridine
1|pyridoxal
1|pyrophosphokinase
2|pyrroline-5-carboxylate
2|pyruvate
1|pyruvate-formate
1|quaternary
1|queuine
6|rRNA
1|rRNA-processing
1|reaction
1|receiver
69|receptor
7|receptor,
1|receptor-associated
1|receptor-binding
1|receptor?
2|rectifier
1|recycling
1|redox-sensing
13|reductase
1|reductase,
4|region
24|regulator
1|regulatory
1|regulon,autophosphorylates
2|release
1|repair
4|repeat
4|repeat-containing
2|replication
1|replication/repair
3|repressor
3|resistance
1|resistance-related
1|resolvase
2|responder
3|response
1|restriction
2|ribazoletransferase
3|ribonuclease
2|ribonucleoprotein
1|ribonucleotide-diphosphate
1|ribose
1|ribose-phosphate
43|ribosomal
3|ribosome
1|ribosome-associated
1|roadblock-type
1|rplT
1|rplY
1|salt
7|secretion
1|segregation
1|selenium
11|sensor
1|sensory
1|septin
1|septum)
1|serine/threonine
1|shikimate
2|shock
2|sigma
1|sigma-54
3|signal
1|sirtuin-1
1|sirtuin-4,
4|small
1|smi_0158
1|smi_0294
1|smi_1854
1|snRNA-activating
1|snRNA-associated
1|sodium-
1|sodium-dependent
1|sodium-proton
1|specific
3|specificity
1|spermidine
1|spermidine/putrescine
1|spindle-associated
1|spr0456
1|spr0706
1|spr1118
2|spr1240
1|spr1514
1|spr1597
1|spr1699
1|spr1778
1|spr1899
1|spr1931
1|storage-inducing
1|subcomplex
9|subfamily
1|substance
1|substrate
1|substrate-binding
1|subtilisin-like
1|subuit
85|subunit
1|sulfate/thiosulfate
1|sulfotransferase
1|sulfoxide
3|superfamily
1|superoxide
3|suppressor
2|symporter
1|syndrome
30|synthase
1|synthase)
3|synthase,
22|synthetase
20|system
1|t-SNAREs
3|tRNA
1|tRNA-ribosyltransferase
2|tRNA-specific
1|teichoic
1|terminal
171|that
457|the
1|thiamine
2|thioredoxin
1|thioredoxin/methionine
1|through
1|thymidylate
1|tll0956
1|tlr1079
1|toxin
2|transaldolase
6|transcription
4|transcriptional
1|transducer
4|transduction
1|transfer
4|transferase
1|transglycosylase
1|transhydrogenase
3|translation
10|translocase
5|transmembrane
16|transport
39|transporter
2|transporter,
1|trehalose-specific
1|trifunctional
1|triosephosphate
1|triphosphate
1|tryptophanyl-tRNA
1|tsr1544
3|two
4|two-component
8|type
1|type-A
1|tyrosine--tRNA
1|tyrosine-phosphorylation-regulated
6|tyrosine-protein
1|tyrosyl-tRNA
1|ubiquinol
1|ubiquinol--cytochrome-c
1|ubiquinol-cytochrome
1|ubiquinone
1|ubiquitin
4|ubiquitin-protein
1|undecaprenyldiphospho-muramoylpentapeptide
2|uptake
2|uridylate
1|virulence
2|vitamin
4|with
2|xylose
3|zinc
